date,EUR_USD,EUR_GBP,base
2024-01-01,1.0829,0.8638,EUR
2024-01-02,1.0824,0.8625,EUR
2024-01-03,1.082,0.8606,EUR
2024-01-04,1.0794,0.8523,EUR
2024-01-05,1.0776,0.8651,EUR
2024-01-08,1.0906,0.8555,EUR
2024-01-09,1.0727,0.8477,EUR
2024-01-10,1.083,0.8609,EUR
2024-01-11,1.0812,0.8486,EUR
2024-01-12,1.0718,0.8651,EUR
2024-01-15,1.0869,0.8594,EUR
2024-01-16,1.0823,0.8635,EUR
2024-01-17,1.0982,0.8545,EUR
2024-01-18,1.0975,0.847,EUR
2024-01-19,1.0786,0.8522,EUR
2024-01-22,1.0731,0.8561,EUR
2024-01-23,1.0746,0.8556,EUR
2024-01-24,1.0954,0.853,EUR
2024-01-25,1.0867,0.8483,EUR
2024-01-26,1.0784,0.8505,EUR
2024-01-29,1.0829,0.8572,EUR
2024-01-30,1.093,0.8584,EUR
2024-01-31,1.0902,0.8571,EUR
2024-02-01,1.0883,0.8592,EUR
2024-02-02,1.0908,0.8466,EUR
2024-02-05,1.0782,0.8612,EUR
2024-02-06,1.0976,0.853,EUR
2024-02-07,1.0754,0.8489,EUR
2024-02-08,1.0897,0.8474,EUR
2024-02-09,1.0922,0.8654,EUR
2024-02-12,1.0728,0.8566,EUR
2024-02-13,1.0813,0.8551,EUR
2024-02-14,1.0747,0.8522,EUR
2024-02-15,1.0797,0.8648,EUR
2024-02-16,1.0879,0.8637,EUR
2024-02-19,1.0747,0.8611,EUR
2024-02-20,1.0715,0.8476,EUR
2024-02-21,1.0833,0.8545,EUR
2024-02-22,1.0882,0.8543,EUR
2024-02-23,1.0765,0.8562,EUR
2024-02-26,1.0804,0.8482,EUR
2024-02-27,1.0903,0.8579,EUR
2024-02-28,1.0858,0.8522,EUR
2024-02-29,1.0766,0.8657,EUR
2024-03-01,1.0716,0.8501,EUR
2024-03-04,1.0984,0.8613,EUR
2024-03-05,1.0929,0.8518,EUR
2024-03-06,1.0736,0.8559,EUR
2024-03-07,1.0829,0.8486,EUR
2024-03-08,1.086,0.8506,EUR
2024-03-11,1.0868,0.8594,EUR
2024-03-12,1.0806,0.8539,EUR
2024-03-13,1.0923,0.8547,EUR
2024-03-14,1.0838,0.8476,EUR
2024-03-15,1.0794,0.8546,EUR
2024-03-18,1.0821,0.8588,EUR
2024-03-19,1.0787,0.8541,EUR
2024-03-20,1.099,0.8494,EUR
2024-03-21,1.0984,0.8552,EUR
2024-03-22,1.0907,0.8532,EUR
2024-03-25,1.0831,0.8481,EUR
2024-03-26,1.0831,0.854,EUR
2024-03-27,1.0724,0.8634,EUR
2024-03-28,1.0924,0.8504,EUR
2024-03-29,1.0934,0.8475,EUR
